{
	"Language": "vi",
	"PreKey": "",
	"AutoUpdate": false,
	"MainColor": "#00FFFF",
	"MainName": "《 DONGDEV 》",
	"Uptime": false,
	"Login2Fa": false,
	"AutoLogin": false,
	"BroadCast": false,
	"AuthString": "SD4S XQ32 O2JA WXB3 FUX2 OPJ7 Q7JZ 4R6Z | https://i.imgur.com/RAg3rvw.png Please remove this !, Recommend If You Using getUserInfoV2",
	"EncryptFeature": false,
	"ResetDataLogin": false,
	"AutoRestartMinutes": 0,
	"HTML": {
		"HTML": false,
		"UserName": "Guest",
		"MusicLink": ""
	},
	"AntiSendAppState": true,
	"DevMode": false,
	"AutoInstallNode": false,
	"Config": "default",
	"RestartMQTT_Minutes": 0,
	"Stable_Version": {
		"Accept": false,
		"Version": ""
	},
	"AntiGetInfo": {
		"Database_Type": "default",
		"AntiGetThreadInfo": true,
		"AntiGetUserInfo": true
	},
	"Websocket_Extension": {
		"Status": false,
		"ResetData": false,
		"AppState_Path": "appstate.json"
	},
	"CustomFont": false,
	"AutoUpdate": true
}