[
    {
        "threadID": "6804616456270022",
        "shortcuts": [
            {
                "id": "ntNktB9lvC.png",
                "output": "{name} là con chó",
                "uri": "https://i.imgur.com/6JHiGBo.jpeg",
                "input_type": "tag",
                "tag_id": "100055154154050"
            }
        ]
    },
    {
        "threadID": "7372384302813383",
        "shortcuts": [
            {
                "id": "kAoumfvK4x.png",
                "output": "{name} là con chóoo",
                "uri": "https://i.imgur.com/S7TYt2b.jpg",
                "input_type": "tag",
                "tag_id": "100068096370437"
            },
            {
                "id": "WktCMv4zYY.png",
                "output": "123",
                "uri": "https://i.imgur.com/U2lTgvo.jpeg",
                "input_type": "tag",
                "tag_id": "100076976080919"
            }
        ]
    },
    {
        "threadID": "6328370547184627",
        "shortcuts": []
    },
    {
        "threadID": "7257749774268979",
        "shortcuts": [
            {
                "id": "fkkkmytytu.png",
                "output": "Đang bận",
                "uri": "https://i.imgur.com/zday0AH.jpg",
                "input_type": "tag",
                "tag_id": "100068096370437"
            }
        ]
    },
    {
        "threadID": "24904460709198174",
        "shortcuts": [
            {
                "id": "q4pMtrvrBq.png",
                "output": "Tag tag cái máu ll",
                "uri": "https://i.imgur.com/35Uy75U.jpeg",
                "input_type": "tag",
                "tag_id": "100079198551953"
            },
            {
                "id": "koGzpvqKmr.mp4",
                "output": "Để Rồi Khi Đêm kéo về lòng anh não nề một mình chỉ nghĩ những chuyện về em",
                "uri": "https://i.imgur.com/6QItHKW.mp4",
                "input_type": "tag",
                "tag_id": "100076976080919"
            },
            {
                "id": "BvCNCkfoA9.mp4",
                "output": "Hãy cứ vô tư và lạc quan lên đi em ơi, chỉ là không yêu thương thôi sao nước mắt phải rơi",
                "uri": "https://i.imgur.com/YbeLOtt.mp4",
                "input_type": "tag",
                "tag_id": "100091472537075"
            },
            {
                "id": "uGttottMzK.mp4",
                "output": "Cc",
                "uri": "https://i.imgur.com/7rXoa3I.mp4",
                "input_type": "tag",
                "tag_id": "100038527714620"
            },
            {
                "id": "CKrxczuFlr.mp4",
                "input": "Hihi",
                "output": "Hehe",
                "uri": "https://i.imgur.com/vULDMj3.mp4"
            }
        ]
    },
    {
        "threadID": "6319322831529144",
        "shortcuts": [
            {
                "id": "CnmmC8Frro.png",
                "output": "Tag tag cái máu ll",
                "uri": "https://i.imgur.com/xjC7WRI.jpeg",
                "input_type": "tag",
                "tag_id": "100079198551953"
            }
        ]
    },
    {
        "threadID": "7105773246182036",
        "shortcuts": [
            {
                "id": "oxCmBCFk4o",
                "input": "tvm",
                "output": "giới thiệu, show acc, ảnh mặt ( kh bắt buộc ), set biệt danh tên + năm sinh ( hoặc nhờ qtv set )"
            },
            {
                "id": "owktwurKmJ",
                "input": "giao lưu nội bộ",
                "output": "- Giao lưu vui vẻ, kh có giải, chủ yếu để làm quen với nhau, giải trí v.v\nYÊU CẦU: \n📍mng chỉ việc chọn lane, ai đăng kí trước thì team 1, đăng kí sau team 2\n📍ai có mặt trong danh sách giao lưu thì vô trước, ai muốn xem đấu thì đợi điểm danh đủ 2 team rồi hẵn vô, tránh bị nhầm lẫn\n📍ý thức tốt, đúng giờ đúng giấc \n📍kh cự lộn dù có thua hay thắng\n- Chơi được thì đăng kí kh được thì lượn đừng có chơi, có vấn đề gì xảy ra bị kick kh ai chịu trách nhiệm😎"
            }
        ]
    }
]